sep=,
time_ms,cost_min
7.5,409.079665
29.5,386.187609
30.3,384.677924
43.4,383.005100
46.7,382.324505
49.9,382.318916
52.3,380.723675
54.3,380.434873
56.6,380.175048
59.0,379.724479
61.9,379.615280
64.7,376.891873
70.2,373.542439
73.3,372.793735
77.0,368.661244
81.1,367.625767
85.0,367.025876
89.0,366.748221
93.4,366.172359
97.7,365.643074
102.0,365.502131
105.9,364.967452
111.0,364.934870
120.4,363.624143
123.7,363.024607
126.2,362.396967
132.9,361.906146
135.6,361.819305
139.5,361.669939
144.3,361.378827
149.2,361.369258
153.5,360.524228
161.8,360.217520
166.1,360.028881
170.4,359.644057
174.6,359.294771
179.1,357.970888
183.4,357.563480
187.1,357.489499
190.9,357.261145
194.5,357.002770
198.2,356.923315
205.2,356.886668
207.9,355.143139
210.7,354.711877
213.9,354.296122
217.7,353.380412
220.7,352.667639
223.9,352.095219
227.7,351.695185
231.1,351.294239
233.7,350.488108
237.5,349.503452
241.3,348.852717
247.5,347.404648
252.9,347.276217
259.1,346.021251
262.1,345.218042
268.6,344.625035
271.9,344.328823
274.8,344.063782
278.5,342.263990
282.6,341.366987
286.5,341.241919
290.2,340.561192
293.4,339.886206
296.5,339.041440
300.3,339.006226
303.5,338.262970
309.1,338.037347
312.9,337.643472
315.0,336.652422
318.3,335.757617
321.9,335.275051
325.7,334.528244
329.0,334.312821
332.5,332.043877
339.4,331.851763
344.0,331.446361
348.1,331.229262
353.1,331.147719
356.8,330.710027
360.7,330.221448
364.1,330.154384
367.8,330.121386
371.6,330.045303
375.3,329.295691
379.1,329.270105
382.0,329.165582
385.3,328.399672
389.5,327.253286
393.9,327.165766
398.3,325.755728
402.9,325.549599
407.4,325.484127
411.9,325.477917
415.8,325.145029
419.4,324.749617
424.0,324.486577
428.4,323.958910
432.9,323.857616
436.6,323.677320
440.7,323.470986
444.5,323.333730
448.2,323.184395
451.3,322.999712
454.5,322.530680
457.1,322.514309
460.4,322.505256
462.7,321.920475
468.7,321.884974
473.0,321.024313
477.1,320.843401
483.0,320.790968
486.8,320.479032
492.1,320.475213
495.8,320.318211
497.7,320.203524
504.3,320.027272
508.3,319.993712
512.2,319.246039
514.2,319.215829
518.0,318.761879
521.7,318.622117
525.7,318.388386
529.9,318.330433
532.8,318.120696
535.7,317.693959
539.3,317.613136
543.2,317.600566
547.3,317.296989
551.6,316.992502
556.1,316.595037
559.5,316.512496
563.2,316.331567
566.9,316.044365
570.6,315.481897
574.3,315.385624
577.6,315.162865
581.4,314.980123
584.6,314.835365
587.5,314.508960
590.6,314.491896
594.3,314.190796
597.9,314.020626
602.5,313.769192
605.7,313.768183
608.1,313.641820
612.5,313.434304
617.5,313.170593
621.0,312.422319
623.8,312.186593
626.3,312.007787
628.4,311.590636
630.6,311.434343
632.7,311.248438
636.7,310.873665
640.8,310.615743
644.5,310.512169
648.2,310.181548
652.3,310.132546
656.7,309.678289
661.2,309.272137
661.7,308.868321
665.8,308.766008
670.0,306.572418
674.1,305.014084
678.3,304.158524
686.1,302.380670
690.3,301.405120
697.7,300.903937
701.8,300.833624
705.9,300.411523
710.0,300.338993
714.1,300.338259
718.3,300.243340
722.5,299.875077
726.6,299.801515
730.9,299.234995
735.0,299.039409
739.2,298.893413
742.4,298.618398
745.1,298.583720
747.7,298.402255
749.8,297.101041
754.2,296.644503
757.8,295.765916
759.3,295.585272
761.4,295.569433
763.5,293.923561
765.9,293.910958
767.7,293.782625
770.1,293.506673
772.5,292.934367
774.6,292.659769
776.6,292.534397
779.0,292.360654
781.7,292.041155
786.0,291.746583
787.8,291.642555
789.9,291.544151
792.5,291.434569
794.2,291.180958
796.3,290.826053
798.2,290.143530
802.4,290.136008
805.7,289.996323
808.4,289.871907
810.7,289.858160
813.0,289.632174
815.4,289.397776
816.8,289.192805
818.2,287.818244
820.4,287.145900
822.7,284.923607
826.1,284.808315
829.1,284.420223
832.1,283.941184
835.5,283.855802
838.8,283.687813
842.8,283.009287
846.8,281.516436
850.3,280.557039
857.7,280.539212
861.7,280.516714
865.1,279.102409
868.7,278.706515
872.8,278.251159
876.9,277.934949
881.0,277.859709
884.6,277.475221
888.6,277.467073
892.6,277.388568
896.5,276.743228
900.0,276.607445
903.9,276.147268
907.8,275.917064
911.7,275.751120
915.5,275.127637
919.4,273.761627
922.2,273.347959
924.6,273.074719
927.2,272.810047
929.3,272.761852
931.7,271.833883
933.1,271.466988
935.5,270.868526
938.0,270.857286
940.1,270.737203
942.1,270.682531
944.5,270.462179
947.1,270.234865
950.2,270.162229
954.1,269.884548
958.0,269.554626
962.0,268.946183
965.3,268.926466
968.7,268.828841
972.0,268.766443
975.4,268.133920
978.4,267.987640
981.8,267.551275
985.1,267.495228
988.6,267.221798
992.1,267.171132
995.7,267.008501
999.1,266.559358
1002.4,266.483919
1005.8,266.363197
1009.6,266.075223
1013.4,266.072133
1016.2,266.059384
1018.6,265.860364
1023.4,265.618489
1028.1,265.383535
1030.4,265.376046
1032.4,264.701062
1034.4,264.614849
1036.2,264.377372
1037.9,263.977957
1042.0,263.807628
1043.8,263.661842
1047.6,263.525131
1050.2,263.328928
1052.7,262.343474
1054.8,261.822785
1056.8,261.814172
1061.1,261.676424
1065.5,260.880564
1073.6,260.435312
1076.0,260.352602
1078.6,259.838585
1081.2,259.798467
1085.2,259.751589
1088.7,259.744230
1093.4,259.284886
1094.9,259.269059
1097.2,259.192309
1099.5,259.137611
1101.3,259.122342
1105.4,259.087230
1111.6,259.044865
1117.8,258.981599
1121.8,258.778038
1125.8,258.481132
1133.2,258.200907
1137.3,257.984051
1141.3,257.776051
1145.3,257.701865
1149.2,257.223873
1153.2,257.175083
1156.8,256.817400
1160.9,255.601220
1164.5,255.271636
1167.1,255.199569
1169.9,255.151207
1172.2,255.040241
1174.9,254.948691
1178.4,254.754542
1181.6,254.750901
1185.2,254.311181
1188.3,254.077425
1191.5,253.970057
1194.6,253.702834
1197.8,253.080421
1200.5,252.403152
1204.0,252.171686
1207.1,250.830012
1210.2,250.719945
1213.7,250.491986
1217.2,249.760521
1220.6,249.714196
1224.0,249.592019
1227.3,248.998894
1230.7,248.875071
1234.1,248.538256
1237.5,248.160857
1240.9,248.013789
1243.9,247.825189
1247.3,247.395920
1250.7,247.115801
1254.0,246.625019
1257.0,246.448968
1259.6,246.419846
1262.6,246.182375
1265.9,245.838096
1269.3,245.799996
1272.7,244.833907
1275.7,244.000241
1278.7,243.974142
1282.2,243.184899
1285.2,242.922917
1288.2,242.038353
1291.6,242.009842
1294.9,241.401494
1297.9,240.998374
1300.9,240.980347
1304.1,240.763033
1307.1,240.727741
1312.4,240.585512
1315.4,240.344435
1318.7,240.163602
1322.1,238.637548
1325.4,237.709713
1328.9,237.574868
1332.4,237.360514
1336.4,237.288156
1340.2,237.030406
1343.6,237.020722
1347.5,236.611217
1351.3,236.297339
1355.1,235.999894
1358.7,235.758181
1361.3,235.702054
1363.3,235.605024
1367.8,235.592059
1371.4,235.568094
1373.4,235.002998
1375.1,234.980357
1376.8,234.719787
1380.4,234.714227
1384.6,234.652264
1386.6,234.337850
1388.8,234.162754
1392.1,234.081849
1395.5,234.013338
1398.8,233.866367
1401.4,233.696681
1406.9,233.695576
1411.0,233.657704
1413.8,233.584499
1416.1,233.260250
1417.9,233.207214
1425.9,231.665061
1445.0,231.215507
1448.2,231.104387
1452.5,230.932696
1456.4,230.844477
1460.2,230.695205
1463.6,230.458607
1466.5,230.323898
1470.0,229.986585
1473.7,229.934775
1477.5,229.788486
1481.3,229.787595
1485.3,229.731890
1488.8,229.374096
1492.7,229.352952
1496.6,229.345268
1500.7,229.189347
1504.8,228.954306
1508.9,228.938008
1513.0,228.424799
1517.0,228.286954
1520.9,227.017459
1524.8,226.912627
1528.9,225.750383
1532.8,225.716499
1536.7,225.632911
1540.2,225.579162
1543.7,224.837610
1547.1,224.538937
1550.8,224.264747
1554.7,224.098109
1558.1,224.088150
1562.1,223.929728
1565.9,223.888420
1569.7,223.843098
1573.5,223.808994
1577.3,223.772256
1581.3,223.621719
1585.1,222.888306
1588.2,222.554734
1591.2,222.487788
1593.3,222.029535
1595.4,221.963490
1597.7,221.910460
1599.1,221.874172
1601.4,221.770614
1603.1,221.453094
1604.8,221.226834
1607.8,220.616236
1611.6,220.564057
1613.6,220.506506
1616.4,220.467070
1620.1,220.459362
1623.7,220.229150
1625.6,219.716180
1628.2,219.555997
1631.1,219.435424
1634.0,219.366686
1637.3,218.936977
1640.2,218.653928
1666.3,217.901360
1669.0,217.900619
1671.6,217.514405
1673.8,217.244227
1683.1,216.965329
1686.0,216.808432
1689.0,216.786042
1691.6,216.747709
1693.7,216.462119
1696.7,216.446767
1700.1,216.303075
1703.9,215.785861
1707.7,215.749238
1715.8,215.511351
1718.7,215.502327
1722.1,215.334620
1725.6,215.281590
1729.2,215.210772
1732.4,215.190711
1735.6,215.153510
1739.3,215.010194
1743.3,214.301395
1747.2,214.141645
1749.6,213.879328
1751.3,213.876239
1765.6,213.798189
1769.7,213.625354
1773.5,213.610620
1780.1,213.542973
1783.6,213.356743
1786.9,212.895377
1790.7,212.811104
1794.6,212.710268
1798.5,212.626180
1802.2,212.478637
1806.0,212.291542
1809.9,212.171876
1813.4,212.124921
1816.7,212.111389
1820.1,212.092022
1823.9,212.014216
1827.7,211.977414
1830.6,211.948171
1833.5,211.895641
1836.8,211.763908
1840.1,211.744465
1845.0,211.670787
1847.7,211.514441
1850.9,211.494962
1853.1,211.452201
1856.5,211.443458
1860.4,210.951473
1893.0,210.766901
1898.6,209.626911
1901.6,209.322907
1906.7,208.107651
1910.1,207.861777
1914.0,207.635903
1917.8,207.061165
1921.6,207.036476
1925.4,206.687011
1928.4,206.668988
1931.8,206.557712
1934.7,206.535376
1937.7,206.481658
1941.5,206.301485
1945.2,206.126296
1949.0,205.486727
1952.0,205.450625
1953.7,205.302781
1955.1,205.072707
1956.2,205.068838
1957.6,204.793719
1959.2,204.670062
1965.2,204.657459
1969.2,204.372806
1972.3,204.247460
1978.5,204.244525
1981.3,204.186448
1986.4,204.183940
1990.0,204.125550
1991.1,204.112153
1993.0,204.072022
1995.4,204.055139
1997.1,204.008564
2000.6,204.003471
2002.3,203.727320
2017.6,203.721177
2060.8,203.676289
2064.3,203.639100
2067.8,203.614719
2071.3,203.513116
2074.8,203.503672
2077.3,203.241411
2080.8,203.138407
2083.4,202.491243
2086.4,202.414931
2090.2,202.397396
2093.5,202.268072
2096.6,202.037293
2100.2,201.966097
2103.6,201.874949
2109.3,201.803925
2112.1,201.801830
2114.9,201.795529
2118.0,201.584187
2120.8,201.421875
2132.6,201.171295
2133.5,201.145349
2136.1,201.122111
2137.4,200.987989
2140.7,200.627573
2143.1,200.405045
2144.5,200.352011
2162.9,195.510152
2165.3,194.913549
2167.6,194.716887
2180.1,194.222456
2182.0,193.861948
2184.1,193.505388
2185.5,193.198682
2186.3,193.101006
2197.2,192.966660
2207.4,192.783010
2208.8,192.778214
2212.4,192.494174
2215.9,192.490268
2222.5,192.226925
2226.2,192.217339
2229.7,192.205519
2231.8,191.418393
2234.5,191.189157
2248.1,191.071601
2252.2,190.638133
2256.5,190.134162
2260.1,189.765834
2263.3,189.393606
2266.5,188.787894
2270.2,188.511825
2274.5,188.334109
2278.3,187.886971
2281.6,187.874461
2284.8,187.854672
2291.5,187.695952
2294.3,187.529124
2308.2,186.809307
2311.2,186.424749
2438.0,186.267223
2444.8,186.098263
2446.5,186.019589
2449.5,185.851469
2454.5,185.743572
2457.6,185.698154
2460.6,185.647530
2463.0,185.631386
2478.4,185.457941
2481.1,185.112676
2483.3,184.696993
2485.6,184.500506
2487.2,184.460351
2488.4,184.389629
2490.9,184.231952
2506.1,184.151446
2517.3,182.651366
2520.1,182.103893
2521.9,181.986536
2524.6,181.950728
2526.3,180.935987
2527.8,180.856568
2529.7,180.821062
2532.9,180.671791
2536.1,180.249127
2539.1,180.098286
2542.3,180.021629
2545.5,180.001194
2548.2,179.915103
2550.8,179.910806
2554.3,179.903902
2560.7,179.336225
2574.3,179.290836
2577.4,179.285781
2581.1,179.091498
2583.8,178.261649
2593.9,178.016111
2596.2,177.593104
2598.0,176.939302
2599.4,176.832838
2602.0,176.756694
2604.7,175.288808
2606.8,175.287268
2609.2,174.718348
2612.6,174.685116
2615.5,174.611875
2618.1,174.600382
2638.8,174.177093
2642.4,173.973673
2645.9,173.961384
2647.9,173.932776
2660.3,173.640791
2663.3,173.560556
2679.8,173.438277
2681.4,173.120102
2682.1,172.923000
2694.7,172.886486
2697.1,172.765927
2730.2,172.736026
2732.8,172.721014
2735.0,172.514504
2748.9,171.837990
2751.6,171.668115
2752.8,171.653481
2765.8,171.633744
2767.8,171.623449
2784.0,171.567821
2786.0,171.518748
2794.7,171.505795
2797.9,171.434992
2815.3,171.368463
2827.3,171.360410
2829.0,171.329935
2831.2,171.114230
2845.0,171.071872
2848.2,170.934138
2861.9,170.495538
2867.7,170.490792
2904.5,170.485587
2907.7,170.363276
2909.2,170.355590
2921.2,170.299575
2923.5,170.298095
2937.2,170.277270
2940.4,170.239177
2952.5,170.078996
2954.7,170.012119
2957.9,169.968820
2991.2,169.928334
3003.9,169.917651
3006.0,169.893833
3007.2,169.829836
3010.1,169.827174
3011.4,169.771037
3027.6,169.699580
3039.4,169.483079
3041.6,169.404675
3043.7,169.320858
3045.3,169.086684
3058.5,169.028050
3061.4,168.960989
3063.7,168.570650
3065.4,168.556842
3067.0,168.554859
3069.5,168.474308
3075.0,168.253248
3077.0,168.138522
3079.1,168.135543
3081.3,168.106292
3083.8,167.885038
3086.4,167.836834
3125.9,167.676687
3248.8,167.658327
3250.9,167.620808
3252.6,167.617117
3266.6,167.594258
3268.9,167.317037
3269.7,167.313783
3281.8,167.284065
3285.6,167.206501
3287.6,167.172946
3290.5,167.163087
3319.0,167.142371
3328.2,167.022943
3340.8,166.942400
3381.8,166.752766
3383.1,166.624317
3406.6,166.567692
3407.9,166.546571
3421.8,166.532484
3423.5,166.515774
3434.9,166.386656
3436.9,166.368126
3440.2,166.296155
3454.8,166.146174
3457.7,166.126912
3459.0,166.074497
3472.8,166.001643
3475.3,165.921290
3477.2,165.858230
3488.9,165.560711
3490.1,165.299120
3493.8,165.245032
3495.0,165.176177
3507.6,165.107596
3508.8,165.102247
3520.0,165.092630
3521.4,165.032072
3532.6,165.030090
3533.5,164.874714
3544.6,164.863071
3546.3,164.747129
3573.8,164.695475
3576.0,164.610459
3588.3,164.596003
3591.7,164.594512
3620.7,164.572546
3621.6,164.454110
3867.8,164.429761
3879.6,164.427182
3880.9,164.359439
3893.1,164.345198
3894.4,164.341746
3895.7,164.321137
3907.0,164.320072
3931.3,164.119567
3988.5,164.114928
4024.5,164.001877
4025.9,163.994083
4027.6,163.960082
4039.9,163.940945
4041.6,163.802398
4042.5,163.800121
4053.7,163.718416
4055.0,163.582779
4055.5,163.462556
4067.1,163.309339
4107.7,163.198304
4128.2,162.928489
4142.4,162.915306
4156.2,162.872673
4169.6,162.795195
4172.6,162.766826
4185.6,162.701200
4186.8,162.690090
4187.8,162.665240
4575.6,162.656298
4586.3,162.561969
4587.1,162.396084
4598.4,162.352960
4599.1,162.295777
4609.9,162.250198
4610.4,162.198086
4621.5,162.168281
4622.7,162.158225
4634.4,162.104321
4635.6,162.055630
4647.2,162.010006
4647.6,161.917346
4663.7,161.845931
4664.5,161.793769
4664.9,161.642296
4676.2,161.639990
4676.7,161.599345
4687.8,161.575829
4688.6,161.574001
4712.1,161.511381
4725.0,161.431728
4738.3,161.430886
4879.6,161.373909
4890.5,160.612912
4891.9,160.455234
4914.6,160.453444
4916.1,160.442199
4928.3,160.310951
4935.3,160.279924
4936.5,160.131589
4947.6,160.120817
4960.0,160.100866
4960.9,159.935478
4971.9,159.879009
5021.1,159.872774
5022.0,159.868637
5133.4,159.703684
5144.7,159.584647
5145.6,159.531456
5168.6,159.529965
5182.1,159.516325
5183.7,159.425529
5453.1,159.420858
5556.7,159.298983
5558.4,159.236171
5570.4,159.235877
5582.0,159.230851
5593.3,159.230726
5620.6,159.223857
5621.1,159.221973
5631.9,159.141984
5632.4,159.091220
5643.2,159.038386
5643.6,159.030088
5654.5,158.967922
5655.0,158.909688
5671.0,158.850482
5800.4,158.778741
5801.0,158.759552
5812.3,158.729414
5823.6,158.665766
5824.7,158.644058
5965.8,158.637638
5966.3,158.621573
5977.5,158.617805
5990.3,158.604325
6023.8,158.603531
6040.5,158.563115
7525.8,158.547786
7537.0,158.526016
7537.8,158.521722
7549.0,158.478487
7549.5,158.472840
7734.4,158.446385
7745.1,158.429345
7745.7,157.941484
7810.3,157.901614
7811.2,157.899252
7822.5,157.592607
7823.0,157.522822
7833.8,157.509525
7834.2,157.473037
7845.1,157.388794
7845.5,157.332225
7856.9,157.262672
7857.3,157.197046
7868.4,157.192108
7868.9,157.179073
7879.8,157.106705
7890.7,156.980681
7891.1,156.824398
7907.3,156.789620
7918.7,156.673593
7919.5,156.599502
7930.8,156.396601
7931.6,156.394044
7942.3,156.384741
7942.7,156.363915
7953.7,156.275610
7954.6,156.270940
7976.1,156.264404
7987.5,156.201083
8112.9,156.183365
8123.8,156.153333
8124.3,156.150888
8382.7,156.070082
8671.2,156.062556
8683.1,156.055659
8775.7,156.045542
8776.5,156.035884
8787.6,155.852596
8788.5,155.774313
8799.4,155.766193
8845.8,155.441749
8857.5,155.238039
8867.9,155.178833
8868.4,155.176400
9009.1,155.169130
9080.2,155.116574
9081.0,155.019164
9092.0,154.927976
9092.4,154.900150
9206.8,154.898665
9217.4,154.889673
9259.5,154.888685
9929.2,154.888076
9929.3,154.882781
10530.1,154.875407
10540.7,154.868215
16654.6,154.867227
16987.5,154.859323
16987.9,154.848131
16998.5,154.842749
16998.9,154.841258
18547.5,154.839871
18547.8,154.735624
18558.5,154.698400
18558.8,154.644669
18756.6,154.593084
18756.8,154.580546
18767.4,154.557889
18788.6,154.544412
19049.6,154.535089
19049.7,154.504597
19060.3,154.374519
19071.0,154.315061
20387.4,154.311812
20693.7,154.273792
20704.2,154.268092
